{
  "num_islands": 2,
  "current_island": 0,
  "iteration_count": 4,
  "global_best_score": 0.1395,
  "decay": 0.9,
  "intensity_min": 0.15,
  "intensity_max": 0.5,
  "migration_interval": 10,
  "diversity_strategy_type": "code",
  "use_unified_archive": true,
  "use_adaptive_search": true,
  "use_ucb_selection": true,
  "fixed_intensity": 0.4,
  "adapter": {
    "states": [
      {
        "accumulated_signal": 0.09083812722452106,
        "best_score": 0.1395,
        "improvement_count": 2,
        "total_evaluations": 3,
        "decay": 0.9,
        "epsilon": 1e-08,
        "intensity_min": 0.15,
        "intensity_max": 0.5
      },
      {
        "accumulated_signal": 0.0900514913431092,
        "best_score": 0.1307,
        "improvement_count": 1,
        "total_evaluations": 3,
        "decay": 0.9,
        "epsilon": 1e-08,
        "intensity_min": 0.15,
        "intensity_max": 0.5
      }
    ],
    "dimension_visits": [
      3,
      3
    ],
    "dimension_rewards": [
      0.8995179732579976,
      0.022691704014733752
    ],
    "decayed_visits": [
      2.71,
      2.71
    ],
    "global_best_score": 0.1395,
    "ucb_exploration": 1.41,
    "min_visits": 3,
    "decay": 0.9,
    "epsilon": 1e-08
  },
  "island_config_names": [
    "balanced",
    "balanced"
  ],
  "islands": [
    [
      "d2a582a9-eb4b-4e0f-998e-3493f756a922",
      "a6426ae5-9cdc-4655-8eb9-af49a485b337",
      "169825ea-3190-47d8-95a5-01062512f861"
    ],
    [
      "815c1f77-0768-458e-baef-78b44c0dbc0d",
      "ba002b2a-7639-43bc-9beb-d341a0bfeffb",
      "04c822aa-3866-4838-bc00-2ecf3fd0d42f",
      "8dfd8c4e-a0e1-4000-9e29-5791c5ac9695"
    ]
  ],
  "archive_genealogies": [
    {
      "parents": {
        "d2a582a9-eb4b-4e0f-998e-3493f756a922": [],
        "a6426ae5-9cdc-4655-8eb9-af49a485b337": [
          "d2a582a9-eb4b-4e0f-998e-3493f756a922"
        ],
        "169825ea-3190-47d8-95a5-01062512f861": [
          "d2a582a9-eb4b-4e0f-998e-3493f756a922"
        ]
      },
      "children": {
        "d2a582a9-eb4b-4e0f-998e-3493f756a922": [
          "a6426ae5-9cdc-4655-8eb9-af49a485b337",
          "169825ea-3190-47d8-95a5-01062512f861"
        ]
      }
    },
    {
      "parents": {
        "815c1f77-0768-458e-baef-78b44c0dbc0d": [],
        "ba002b2a-7639-43bc-9beb-d341a0bfeffb": [
          "815c1f77-0768-458e-baef-78b44c0dbc0d"
        ],
        "04c822aa-3866-4838-bc00-2ecf3fd0d42f": [
          "ba002b2a-7639-43bc-9beb-d341a0bfeffb"
        ],
        "8dfd8c4e-a0e1-4000-9e29-5791c5ac9695": [
          "815c1f77-0768-458e-baef-78b44c0dbc0d"
        ]
      },
      "children": {
        "815c1f77-0768-458e-baef-78b44c0dbc0d": [
          "ba002b2a-7639-43bc-9beb-d341a0bfeffb",
          "8dfd8c4e-a0e1-4000-9e29-5791c5ac9695"
        ],
        "ba002b2a-7639-43bc-9beb-d341a0bfeffb": [
          "04c822aa-3866-4838-bc00-2ecf3fd0d42f"
        ]
      }
    }
  ],
  "use_dynamic_islands": true,
  "max_islands": 4,
  "last_spawn_iteration": -15,
  "use_paradigm_breakthrough": true,
  "paradigm_tracker": {
    "window_size": 8,
    "improvement_threshold": 0.1,
    "max_paradigm_uses": 2,
    "max_tried_paradigms": 8,
    "num_paradigms_to_generate": 2,
    "improvement_history": [
      1.0,
      0.0,
      0.0,
      0.0,
      1.0,
      1.0
    ],
    "active_paradigms": [],
    "paradigm_usage_counts": {},
    "current_paradigm_index": 0,
    "tried_paradigms": [],
    "best_score_at_paradigm_gen": 0.0,
    "best_score_during_paradigm": 0.0
  }
}