{
  "num_islands": 2,
  "current_island": 1,
  "iteration_count": 4,
  "global_best_score": 0.2822,
  "decay": 0.9,
  "intensity_min": 0.15,
  "intensity_max": 0.5,
  "migration_interval": 10,
  "diversity_strategy_type": "code",
  "use_unified_archive": true,
  "use_adaptive_search": true,
  "use_ucb_selection": true,
  "fixed_intensity": 0.4,
  "adapter": {
    "states": [
      {
        "accumulated_signal": 0.09999999999999998,
        "best_score": 0.2822,
        "improvement_count": 1,
        "total_evaluations": 3,
        "decay": 0.9,
        "epsilon": 1e-08,
        "intensity_min": 0.15,
        "intensity_max": 0.5
      },
      {
        "accumulated_signal": 0.09999999999999998,
        "best_score": 0.2822,
        "improvement_count": 0,
        "total_evaluations": 3,
        "decay": 0.9,
        "epsilon": 1e-08,
        "intensity_min": 0.15,
        "intensity_max": 0.5
      }
    ],
    "dimension_visits": [
      3,
      3
    ],
    "dimension_rewards": [
      0.81,
      0.0
    ],
    "decayed_visits": [
      2.71,
      2.71
    ],
    "global_best_score": 0.2822,
    "ucb_exploration": 1.41,
    "min_visits": 3,
    "decay": 0.9,
    "epsilon": 1e-08
  },
  "island_config_names": [
    "balanced",
    "balanced"
  ],
  "islands": [
    [
      "3e7684eb-ba6c-4b9e-9d32-327aee19f1d8",
      "213acd67-97f2-44d5-a139-15020cca79d2",
      "ce7f8046-b44c-4cb3-bd20-0c1cae9b63cb"
    ],
    [
      "933e02a9-a0af-4c4d-b16b-3b7141eda8c7",
      "5dedb090-5b45-4fba-b79a-fdf6e559f64c",
      "a0a61e1c-ddab-4a23-95e7-0e289d68da8a",
      "68398fea-11ea-4d13-b2f8-689ddfe54a4b"
    ]
  ],
  "archive_genealogies": [
    {
      "parents": {
        "3e7684eb-ba6c-4b9e-9d32-327aee19f1d8": [],
        "213acd67-97f2-44d5-a139-15020cca79d2": [
          "3e7684eb-ba6c-4b9e-9d32-327aee19f1d8"
        ],
        "ce7f8046-b44c-4cb3-bd20-0c1cae9b63cb": [
          "3e7684eb-ba6c-4b9e-9d32-327aee19f1d8"
        ]
      },
      "children": {
        "3e7684eb-ba6c-4b9e-9d32-327aee19f1d8": [
          "213acd67-97f2-44d5-a139-15020cca79d2",
          "ce7f8046-b44c-4cb3-bd20-0c1cae9b63cb"
        ]
      }
    },
    {
      "parents": {
        "933e02a9-a0af-4c4d-b16b-3b7141eda8c7": [],
        "5dedb090-5b45-4fba-b79a-fdf6e559f64c": [
          "933e02a9-a0af-4c4d-b16b-3b7141eda8c7"
        ],
        "a0a61e1c-ddab-4a23-95e7-0e289d68da8a": [
          "5dedb090-5b45-4fba-b79a-fdf6e559f64c"
        ],
        "68398fea-11ea-4d13-b2f8-689ddfe54a4b": [
          "5dedb090-5b45-4fba-b79a-fdf6e559f64c"
        ]
      },
      "children": {
        "933e02a9-a0af-4c4d-b16b-3b7141eda8c7": [
          "5dedb090-5b45-4fba-b79a-fdf6e559f64c"
        ],
        "5dedb090-5b45-4fba-b79a-fdf6e559f64c": [
          "a0a61e1c-ddab-4a23-95e7-0e289d68da8a",
          "68398fea-11ea-4d13-b2f8-689ddfe54a4b"
        ]
      }
    }
  ],
  "use_dynamic_islands": true,
  "max_islands": 4,
  "last_spawn_iteration": -15,
  "use_paradigm_breakthrough": true,
  "paradigm_tracker": {
    "window_size": 8,
    "improvement_threshold": 0.1,
    "max_paradigm_uses": 2,
    "max_tried_paradigms": 8,
    "num_paradigms_to_generate": 2,
    "improvement_history": [
      1.0,
      0.0,
      0.0,
      0.0,
      0.0,
      0.0
    ],
    "active_paradigms": [],
    "paradigm_usage_counts": {},
    "current_paradigm_index": 0,
    "tried_paradigms": [],
    "best_score_at_paradigm_gen": 0.0,
    "best_score_during_paradigm": 0.0
  }
}