{
  "id": "3e7684eb-ba6c-4b9e-9d32-327aee19f1d8",
  "generation": 0,
  "iteration": 0,
  "current_iteration": 5,
  "metrics": {
    "status": "success",
    "combined_score": 0.2822,
    "exact_match_accuracy": 0.1667,
    "label_accuracy": 0.4722,
    "metrics": {
      "C1": {
        "f1": 0.2667,
        "precision": 0.6667,
        "recall": 0.1667,
        "tp": 6,
        "fp": 3,
        "fn": 30,
        "tn": 21,
        "support": 36
      },
      "C2": {
        "f1": 0.1,
        "precision": 0.2857,
        "recall": 0.0606,
        "tp": 2,
        "fp": 5,
        "fn": 31,
        "tn": 22,
        "support": 33
      },
      "C3": {
        "f1": 0.48,
        "precision": 0.5,
        "recall": 0.4615,
        "tp": 12,
        "fp": 12,
        "fn": 14,
        "tn": 22,
        "support": 26
      }
    },
    "artifacts": {
      "feedback": "Macro-F1: 0.2822\nExact-match accuracy: 0.1667\nLabel accuracy: 0.4722\n\nCAT      F1      P      R   TP   FP   FN  sup\n----------------------------------------------\nC1    0.267  0.667  0.167    6    3   30   36\nC2    0.100  0.286  0.061    2    5   31   33\nC3    0.480  0.500  0.462   12   12   14   26\n\nWorst categories:\n  C2: F1=0.100 (TP=2, FP=5, FN=31)\n  C1: F1=0.267 (TP=6, FP=3, FN=30)\n  C3: F1=0.480 (TP=12, FP=12, FN=14)"
    }
  },
  "language": "python",
  "timestamp": 1774546455.5598726,
  "saved_at": 1774546531.9225492
}