{
  "num_islands": 2,
  "current_island": 0,
  "iteration_count": 24,
  "global_best_score": 0.3232,
  "decay": 0.9,
  "intensity_min": 0.15,
  "intensity_max": 0.5,
  "migration_interval": 10,
  "diversity_strategy_type": "code",
  "use_unified_archive": true,
  "use_adaptive_search": true,
  "use_ucb_selection": true,
  "fixed_intensity": 0.4,
  "adapter": {
    "states": [
      {
        "accumulated_signal": 0.18175431450206891,
        "best_score": 0.3169,
        "improvement_count": 3,
        "total_evaluations": 14,
        "decay": 0.9,
        "epsilon": 1e-08,
        "intensity_min": 0.15,
        "intensity_max": 0.5
      },
      {
        "accumulated_signal": 0.15641614227282932,
        "best_score": 0.3232,
        "improvement_count": 4,
        "total_evaluations": 13,
        "decay": 0.9,
        "epsilon": 1e-08,
        "intensity_min": 0.15,
        "intensity_max": 0.5
      }
    ],
    "dimension_visits": [
      14,
      13
    ],
    "dimension_rewards": [
      0.7127454813817611,
      0.29632612652595064
    ],
    "decayed_visits": [
      7.7123207545039,
      7.458134171671
    ],
    "global_best_score": 0.3232,
    "ucb_exploration": 1.41,
    "min_visits": 3,
    "decay": 0.9,
    "epsilon": 1e-08
  },
  "island_config_names": [
    "balanced",
    "balanced"
  ],
  "islands": [
    [
      "d2a582a9-eb4b-4e0f-998e-3493f756a922",
      "a6426ae5-9cdc-4655-8eb9-af49a485b337",
      "169825ea-3190-47d8-95a5-01062512f861",
      "f371c4c0-75fe-412b-bde0-cdb40d000120",
      "6059a570-25aa-473f-951c-f6f4f14c30fe",
      "1c28dd36-39a4-45ff-877f-12f150a48dad",
      "144e3d12-921f-4155-91f7-829909a9712b",
      "1cf477e1-72e3-4b59-97b9-c65577a24cfe",
      "66c9dd70-b8ed-4a9c-8e7b-1101315aac0c",
      "8408a1f3-8bf7-4e49-8283-1b8fc675d772",
      "f962fa63-290c-4a55-ba9f-400a9f807093",
      "cfcab6bd-0305-49b4-a2f6-1fc4cf5fdf2b",
      "807054a3-d822-4a1e-9c19-81abb1734eee",
      "baa2114e-d81d-42a0-99df-3f4fc4ad9ccd",
      "2f595678-aa87-4973-a66d-75abae39fc10"
    ],
    [
      "815c1f77-0768-458e-baef-78b44c0dbc0d",
      "ba002b2a-7639-43bc-9beb-d341a0bfeffb",
      "04c822aa-3866-4838-bc00-2ecf3fd0d42f",
      "8dfd8c4e-a0e1-4000-9e29-5791c5ac9695",
      "bd69a2a8-92bf-4956-b154-b83322a3b2aa",
      "811129b5-8c30-4291-b6c9-daab37bcb045",
      "8d0dfd29-a205-4a87-b97f-d695940f7b66",
      "af7a1e85-9a81-4939-98fd-17ea1e14e274",
      "a3c06491-16a3-44e8-b7d4-59dcd795c43e",
      "dc03c0c5-3496-4038-ba2e-e8672adb8dc1",
      "eef5979b-7089-4463-9419-f36b9365b731",
      "4f5560c3-54a3-4d8a-a6e6-5287eaf129d6",
      "3eed5ecc-3605-4d88-82b9-f95944b20e9e",
      "86750124-f27e-49c5-bde4-8d8b2f26a132",
      "46d49034-cac9-458a-a9ab-6e494e03ffc3"
    ]
  ],
  "archive_genealogies": [
    {
      "parents": {
        "d2a582a9-eb4b-4e0f-998e-3493f756a922": [],
        "a6426ae5-9cdc-4655-8eb9-af49a485b337": [
          "d2a582a9-eb4b-4e0f-998e-3493f756a922"
        ],
        "169825ea-3190-47d8-95a5-01062512f861": [
          "d2a582a9-eb4b-4e0f-998e-3493f756a922"
        ],
        "f371c4c0-75fe-412b-bde0-cdb40d000120": [
          "169825ea-3190-47d8-95a5-01062512f861"
        ],
        "6059a570-25aa-473f-951c-f6f4f14c30fe": [
          "169825ea-3190-47d8-95a5-01062512f861"
        ],
        "1c28dd36-39a4-45ff-877f-12f150a48dad": [
          "169825ea-3190-47d8-95a5-01062512f861"
        ],
        "144e3d12-921f-4155-91f7-829909a9712b": [
          "1c28dd36-39a4-45ff-877f-12f150a48dad"
        ],
        "1cf477e1-72e3-4b59-97b9-c65577a24cfe": [
          "bd69a2a8-92bf-4956-b154-b83322a3b2aa"
        ],
        "66c9dd70-b8ed-4a9c-8e7b-1101315aac0c": [
          "1c28dd36-39a4-45ff-877f-12f150a48dad"
        ],
        "8408a1f3-8bf7-4e49-8283-1b8fc675d772": [
          "144e3d12-921f-4155-91f7-829909a9712b"
        ],
        "f962fa63-290c-4a55-ba9f-400a9f807093": [
          "144e3d12-921f-4155-91f7-829909a9712b"
        ],
        "cfcab6bd-0305-49b4-a2f6-1fc4cf5fdf2b": [
          "1c28dd36-39a4-45ff-877f-12f150a48dad"
        ],
        "807054a3-d822-4a1e-9c19-81abb1734eee": [
          "1c28dd36-39a4-45ff-877f-12f150a48dad"
        ],
        "baa2114e-d81d-42a0-99df-3f4fc4ad9ccd": [
          "dc03c0c5-3496-4038-ba2e-e8672adb8dc1"
        ],
        "2f595678-aa87-4973-a66d-75abae39fc10": [
          "1c28dd36-39a4-45ff-877f-12f150a48dad"
        ]
      },
      "children": {
        "d2a582a9-eb4b-4e0f-998e-3493f756a922": [
          "a6426ae5-9cdc-4655-8eb9-af49a485b337",
          "169825ea-3190-47d8-95a5-01062512f861"
        ],
        "169825ea-3190-47d8-95a5-01062512f861": [
          "f371c4c0-75fe-412b-bde0-cdb40d000120",
          "6059a570-25aa-473f-951c-f6f4f14c30fe",
          "1c28dd36-39a4-45ff-877f-12f150a48dad"
        ],
        "1c28dd36-39a4-45ff-877f-12f150a48dad": [
          "144e3d12-921f-4155-91f7-829909a9712b",
          "66c9dd70-b8ed-4a9c-8e7b-1101315aac0c",
          "cfcab6bd-0305-49b4-a2f6-1fc4cf5fdf2b",
          "807054a3-d822-4a1e-9c19-81abb1734eee",
          "2f595678-aa87-4973-a66d-75abae39fc10"
        ],
        "bd69a2a8-92bf-4956-b154-b83322a3b2aa": [
          "1cf477e1-72e3-4b59-97b9-c65577a24cfe"
        ],
        "144e3d12-921f-4155-91f7-829909a9712b": [
          "8408a1f3-8bf7-4e49-8283-1b8fc675d772",
          "f962fa63-290c-4a55-ba9f-400a9f807093"
        ],
        "dc03c0c5-3496-4038-ba2e-e8672adb8dc1": [
          "baa2114e-d81d-42a0-99df-3f4fc4ad9ccd"
        ]
      }
    },
    {
      "parents": {
        "815c1f77-0768-458e-baef-78b44c0dbc0d": [],
        "ba002b2a-7639-43bc-9beb-d341a0bfeffb": [
          "815c1f77-0768-458e-baef-78b44c0dbc0d"
        ],
        "04c822aa-3866-4838-bc00-2ecf3fd0d42f": [
          "ba002b2a-7639-43bc-9beb-d341a0bfeffb"
        ],
        "8dfd8c4e-a0e1-4000-9e29-5791c5ac9695": [
          "815c1f77-0768-458e-baef-78b44c0dbc0d"
        ],
        "bd69a2a8-92bf-4956-b154-b83322a3b2aa": [
          "8dfd8c4e-a0e1-4000-9e29-5791c5ac9695"
        ],
        "811129b5-8c30-4291-b6c9-daab37bcb045": [
          "1c28dd36-39a4-45ff-877f-12f150a48dad"
        ],
        "8d0dfd29-a205-4a87-b97f-d695940f7b66": [
          "169825ea-3190-47d8-95a5-01062512f861"
        ],
        "af7a1e85-9a81-4939-98fd-17ea1e14e274": [
          "811129b5-8c30-4291-b6c9-daab37bcb045"
        ],
        "a3c06491-16a3-44e8-b7d4-59dcd795c43e": [
          "8d0dfd29-a205-4a87-b97f-d695940f7b66"
        ],
        "dc03c0c5-3496-4038-ba2e-e8672adb8dc1": [
          "1c28dd36-39a4-45ff-877f-12f150a48dad"
        ],
        "eef5979b-7089-4463-9419-f36b9365b731": [
          "1c28dd36-39a4-45ff-877f-12f150a48dad"
        ],
        "4f5560c3-54a3-4d8a-a6e6-5287eaf129d6": [
          "1c28dd36-39a4-45ff-877f-12f150a48dad"
        ],
        "3eed5ecc-3605-4d88-82b9-f95944b20e9e": [
          "807054a3-d822-4a1e-9c19-81abb1734eee"
        ],
        "86750124-f27e-49c5-bde4-8d8b2f26a132": [
          "1c28dd36-39a4-45ff-877f-12f150a48dad"
        ],
        "46d49034-cac9-458a-a9ab-6e494e03ffc3": [
          "86750124-f27e-49c5-bde4-8d8b2f26a132"
        ]
      },
      "children": {
        "815c1f77-0768-458e-baef-78b44c0dbc0d": [
          "ba002b2a-7639-43bc-9beb-d341a0bfeffb",
          "8dfd8c4e-a0e1-4000-9e29-5791c5ac9695"
        ],
        "ba002b2a-7639-43bc-9beb-d341a0bfeffb": [
          "04c822aa-3866-4838-bc00-2ecf3fd0d42f"
        ],
        "8dfd8c4e-a0e1-4000-9e29-5791c5ac9695": [
          "bd69a2a8-92bf-4956-b154-b83322a3b2aa"
        ],
        "1c28dd36-39a4-45ff-877f-12f150a48dad": [
          "811129b5-8c30-4291-b6c9-daab37bcb045",
          "dc03c0c5-3496-4038-ba2e-e8672adb8dc1",
          "eef5979b-7089-4463-9419-f36b9365b731",
          "4f5560c3-54a3-4d8a-a6e6-5287eaf129d6",
          "86750124-f27e-49c5-bde4-8d8b2f26a132"
        ],
        "169825ea-3190-47d8-95a5-01062512f861": [
          "8d0dfd29-a205-4a87-b97f-d695940f7b66"
        ],