{
  "id": "94f7b0d4-4694-4131-8389-57321833b8cc",
  "generation": 4,
  "iteration": 28,
  "current_iteration": 30,
  "metrics": {
    "status": "success",
    "combined_score": 0.6535,
    "exact_match_accuracy": 0.2167,
    "label_accuracy": 0.4944,
    "metrics": {
      "C1": {
        "f1": 0.6966,
        "precision": 0.5849,
        "recall": 0.8611,
        "tp": 31,
        "fp": 22,
        "fn": 5,
        "tn": 2,
        "support": 36
      },
      "C2": {
        "f1": 0.6591,
        "precision": 0.5273,
        "recall": 0.8788,
        "tp": 29,
        "fp": 26,
        "fn": 4,
        "tn": 1,
        "support": 33
      },
      "C3": {
        "f1": 0.6047,
        "precision": 0.4333,
        "recall": 1.0,
        "tp": 26,
        "fp": 34,
        "fn": 0,
        "tn": 0,
        "support": 26
      }
    },
    "artifacts": {
      "feedback": "Macro-F1: 0.6535\nExact-match accuracy: 0.2167\nLabel accuracy: 0.4944\n\nCAT      F1      P      R   TP   FP   FN  sup\n----------------------------------------------\nC1    0.697  0.585  0.861   31   22    5   36\nC2    0.659  0.527  0.879   29   26    4   33\nC3    0.605  0.433  1.000   26   34    0   26\n\nWorst categories:\n  C3: F1=0.605 (TP=26, FP=34, FN=0)\n  C2: F1=0.659 (TP=29, FP=26, FN=4)\n  C1: F1=0.697 (TP=31, FP=22, FN=5)"
    }
  },
  "language": "python",
  "timestamp": 1774547658.1120307,
  "saved_at": 1774547816.8741038
}