{
  "num_islands": 2,
  "current_island": 1,
  "iteration_count": 69,
  "global_best_score": 0.3402,
  "decay": 0.9,
  "intensity_min": 0.15,
  "intensity_max": 0.5,
  "migration_interval": 10,
  "diversity_strategy_type": "code",
  "use_unified_archive": true,
  "use_adaptive_search": true,
  "use_ucb_selection": true,
  "fixed_intensity": 0.4,
  "adapter": {
    "states": [
      {
        "accumulated_signal": 0.14753322992374066,
        "best_score": 0.3402,
        "improvement_count": 4,
        "total_evaluations": 19,
        "decay": 0.9,
        "epsilon": 1e-08,
        "intensity_min": 0.15,
        "intensity_max": 0.5
      },
      {
        "accumulated_signal": 0.14105119361268242,
        "best_score": 0.3402,
        "improvement_count": 4,
        "total_evaluations": 18,
        "decay": 0.9,
        "epsilon": 1e-08,
        "intensity_min": 0.15,
        "intensity_max": 0.5
      }
    ],
    "dimension_visits": [
      19,
      18
    ],
    "dimension_rewards": [
      0.4592137563325308,
      0.1749776144523086
    ],
    "decayed_visits": [
      8.649148282327008,
      8.49905364703001
    ],
    "global_best_score": 0.3402,
    "ucb_exploration": 1.41,
    "min_visits": 3,
    "decay": 0.9,
    "epsilon": 1e-08
  },
  "island_config_names": [
    "balanced",
    "balanced"
  ],
  "islands": [
    [
      "d2a582a9-eb4b-4e0f-998e-3493f756a922",
      "a6426ae5-9cdc-4655-8eb9-af49a485b337",
      "169825ea-3190-47d8-95a5-01062512f861",
      "f371c4c0-75fe-412b-bde0-cdb40d000120",
      "6059a570-25aa-473f-951c-f6f4f14c30fe",
      "1c28dd36-39a4-45ff-877f-12f150a48dad",
      "1cf477e1-72e3-4b59-97b9-c65577a24cfe",
      "66c9dd70-b8ed-4a9c-8e7b-1101315aac0c",
      "8408a1f3-8bf7-4e49-8283-1b8fc675d772",
      "f962fa63-290c-4a55-ba9f-400a9f807093",
      "2391fcfb-25d4-4f2a-8872-327682dfc86f",
      "b76a236b-d3cf-4b75-915a-533461f775f4",
      "daf48a44-00a5-4671-8ee4-839df1f67825",
      "900b118b-7709-4085-946c-27103a38e971",
      "bc1bba3d-5b30-43be-8064-e015e09d24d5"
    ],
    [
      "815c1f77-0768-458e-baef-78b44c0dbc0d",
      "ba002b2a-7639-43bc-9beb-d341a0bfeffb",
      "04c822aa-3866-4838-bc00-2ecf3fd0d42f",
      "8dfd8c4e-a0e1-4000-9e29-5791c5ac9695",
      "811129b5-8c30-4291-b6c9-daab37bcb045",
      "8d0dfd29-a205-4a87-b97f-d695940f7b66",
      "af7a1e85-9a81-4939-98fd-17ea1e14e274",
      "eef5979b-7089-4463-9419-f36b9365b731",
      "4f5560c3-54a3-4d8a-a6e6-5287eaf129d6",
      "86750124-f27e-49c5-bde4-8d8b2f26a132",
      "eda64ac2-7694-4917-b4ee-ab1cdfccbae9",
      "44cf6f33-a4df-4527-a7f3-ba173e7b14c1",
      "1171cedb-b8dc-4963-b715-9555d248b458",
      "86880900-a701-4f4e-8e59-179d8296dbf1",
      "b85d28de-6a08-4502-82a0-ca13f03f4417"
    ]
  ],
  "archive_genealogies": [
    {
      "parents": {
        "d2a582a9-eb4b-4e0f-998e-3493f756a922": [],
        "a6426ae5-9cdc-4655-8eb9-af49a485b337": [
          "d2a582a9-eb4b-4e0f-998e-3493f756a922"
        ],
        "169825ea-3190-47d8-95a5-01062512f861": [
          "d2a582a9-eb4b-4e0f-998e-3493f756a922"
        ],
        "f371c4c0-75fe-412b-bde0-cdb40d000120": [
          "169825ea-3190-47d8-95a5-01062512f861"
        ],
        "6059a570-25aa-473f-951c-f6f4f14c30fe": [
          "169825ea-3190-47d8-95a5-01062512f861"
        ],
        "1c28dd36-39a4-45ff-877f-12f150a48dad": [
          "169825ea-3190-47d8-95a5-01062512f861"
        ],
        "1cf477e1-72e3-4b59-97b9-c65577a24cfe": [
          "bd69a2a8-92bf-4956-b154-b83322a3b2aa"
        ],
        "66c9dd70-b8ed-4a9c-8e7b-1101315aac0c": [
          "1c28dd36-39a4-45ff-877f-12f150a48dad"
        ],
        "8408a1f3-8bf7-4e49-8283-1b8fc675d772": [
          "144e3d12-921f-4155-91f7-829909a9712b"
        ],
        "f962fa63-290c-4a55-ba9f-400a9f807093": [
          "144e3d12-921f-4155-91f7-829909a9712b"
        ],
        "2391fcfb-25d4-4f2a-8872-327682dfc86f": [
          "1c28dd36-39a4-45ff-877f-12f150a48dad"
        ],
        "b76a236b-d3cf-4b75-915a-533461f775f4": [
          "86750124-f27e-49c5-bde4-8d8b2f26a132"
        ],
        "daf48a44-00a5-4671-8ee4-839df1f67825": [
          "1c28dd36-39a4-45ff-877f-12f150a48dad"
        ],
        "900b118b-7709-4085-946c-27103a38e971": [
          "1171cedb-b8dc-4963-b715-9555d248b458"
        ],
        "bc1bba3d-5b30-43be-8064-e015e09d24d5": [
          "daf48a44-00a5-4671-8ee4-839df1f67825"
        ]
      },
      "children": {
        "d2a582a9-eb4b-4e0f-998e-3493f756a922": [
          "a6426ae5-9cdc-4655-8eb9-af49a485b337",
          "169825ea-3190-47d8-95a5-01062512f861"
        ],
        "169825ea-3190-47d8-95a5-01062512f861": [
          "f371c4c0-75fe-412b-bde0-cdb40d000120",
          "6059a570-25aa-473f-951c-f6f4f14c30fe",
          "1c28dd36-39a4-45ff-877f-12f150a48dad"
        ],
        "1c28dd36-39a4-45ff-877f-12f150a48dad": [
          "66c9dd70-b8ed-4a9c-8e7b-1101315aac0c",
          "2391fcfb-25d4-4f2a-8872-327682dfc86f",
          "daf48a44-00a5-4671-8ee4-839df1f67825"
        ],
        "bd69a2a8-92bf-4956-b154-b83322a3b2aa": [
          "1cf477e1-72e3-4b59-97b9-c65577a24cfe"
        ],
        "86750124-f27e-49c5-bde4-8d8b2f26a132": [
          "b76a236b-d3cf-4b75-915a-533461f775f4"
        ],
        "1171cedb-b8dc-4963-b715-9555d248b458": [
          "900b118b-7709-4085-946c-27103a38e971"
        ],
        "daf48a44-00a5-4671-8ee4-839df1f67825": [
          "bc1bba3d-5b30-43be-8064-e015e09d24d5"
        ]
      }
    },
    {
      "parents": {
        "815c1f77-0768-458e-baef-78b44c0dbc0d": [],
        "ba002b2a-7639-43bc-9beb-d341a0bfeffb": [
          "815c1f77-0768-458e-baef-78b44c0dbc0d"
        ],
        "04c822aa-3866-4838-bc00-2ecf3fd0d42f": [
          "ba002b2a-7639-43bc-9beb-d341a0bfeffb"
        ],
        "8dfd8c4e-a0e1-4000-9e29-5791c5ac9695": [
          "815c1f77-0768-458e-baef-78b44c0dbc0d"
        ],
        "811129b5-8c30-4291-b6c9-daab37bcb045": [
          "1c28dd36-39a4-45ff-877f-12f150a48dad"
        ],
        "8d0dfd29-a205-4a87-b97f-d695940f7b66": [
          "169825ea-3190-47d8-95a5-01062512f861"
        ],
        "af7a1e85-9a81-4939-98fd-17ea1e14e274": [
          "811129b5-8c30-4291-b6c9-daab37bcb045"
        ],
        "eef5979b-7089-4463-9419-f36b9365b731": [
          "1c28dd36-39a4-45ff-877f-12f150a48dad"
        ],
        "4f5560c3-54a3-4d8a-a6e6-5287eaf129d6": [
          "1c28dd36-39a4-45ff-877f-12f150a48dad"
        ],
        "86750124-f27e-49c5-bde4-8d8b2f26a132": [
          "1c28dd36-39a4-45ff-877f-12f150a48dad"
        ],
        "eda64ac2-7694-4917-b4ee-ab1cdfccbae9": [
          "2391fcfb-25d4-4f2a-8872-327682dfc86f"
        ],
        "44cf6f33-a4df-4527-a7f3-ba173e7b14c1": [
          "daf48a44-00a5-4671-8ee4-839df1f67825"
        ],
        "1171cedb-b8dc-4963-b715-9555d248b458": [
          "44cf6f33-a4df-4527-a7f3-ba173e7b14c1"
        ],
        "86880900-a701-4f4e-8e59-179d8296dbf1": [
          "1171cedb-b8dc-4963-b715-9555d248b458"
        ],
        "b85d28de-6a08-4502-82a0-ca13f03f4417": [
          "bd69a2a8-92bf-4956-b154-b83322a3b2aa"
        ]
      },
      "children": {
        "815c1f77-0768-458e-baef-78b44c0dbc0d": [
          "ba002b2a-7639-43bc-9beb-d341a0bfeffb",
          "8dfd8c4e-a0e1-4000-9e29-5791c5ac9695"
        ],
        "ba002b2a-7639-43bc-9beb-d341a0bfeffb": [
          "04c822aa-3866-4838-bc00-2ecf3fd0d42f"
        ],
        "1c28dd36-39a4-45ff-877f-12f150a48dad": [
          "811129b5-8c30-4291-b6c9-daab37bcb045",
          "eef5979b-7089-4463-9419-f36b9365b731",
          "4f5560c3-54a3-4d8a-a6e6-5287eaf129d6",
          "86750124-f27e-49c5-bde4-8d8b2f26a132"
        ],
        "169825ea-3190-47d8-95a5-01062512f861": [
          "8d0dfd29-a205-4a87-b97f-d695940f7b66"
        ],
        "811129b5-8c30-4291-b6c9-daab37bcb045": [
          "af7a1e85-9a81-4939-98fd-17ea1e14e274"
        ],
        "2391fcfb-25d4-4f2a-8872-327682dfc86f": [
          "eda64ac2-7694-4917-b4ee-ab1cdfccbae9"
        ],